Model,Correlation,Inference Time,Model Size,Topsis Score,Rank
MiniLM-L6,0.8470136838318714,0.0190228582320161,22,0.9728091958885825,1
MiniLM-L12,0.8432774106996839,0.0372248405497019,33,0.8434844723551501,2
MPNet-Base,0.8671197324805402,0.1293838268820151,100,0.06776489144939078,3
All-MPNet,0.8580658363697954,0.1298294495781477,110,0.02014298201851259,4
