Model,Correlation,Inference Time,Model Size,Topsis Score,Rank
sentence-transformers/paraphrase-MiniLM-L6-v2,0.8470136838318714,0.0211534975383318,22,0.972447754844939,1
sentence-transformers/all-MiniLM-L12-v2,0.8432774106996839,0.038417657451394,33,0.8486529066196007,2
sentence-transformers/paraphrase-mpnet-base-v2,0.8671197324805402,0.1302712511074897,100,0.0688126563247529,3
sentence-transformers/all-mpnet-base-v2,0.8580658363697954,0.1308718183430864,110,0.020412667649824565,4
